id;nome;descricao;categoria;preco;nota;estoque;marca;valor_total_estoque;nivel_estoque;nivel_avaliacao;preco_relativo;score_produto;status_score;categoria_id;marca_id
1;Essence Mascara Lash Princess;The Essence Mascara Lash Princess is a popular mascara known for its volumizing and lengthening effects. Achieve dramatic lashes with this long-lasting and cruelty-free formula.;Beleza;9.99;2.56;99;Essence;989.01;Baixo risco;Ruim;Abaixo da média;88.59;Excelente;1;1
2;Eyeshadow Palette with Mirror;The Eyeshadow Palette with Mirror offers a versatile range of eyeshadow shades for creating stunning eye looks. With a built-in mirror, it's convenient for on-the-go makeup application.;Beleza;19.99;2.86;34;Glamour Beauty;679.66;Baixo risco;Ruim;Abaixo da média;74.5;Bom;1;2
3;Powder Canister;The Powder Canister is a finely milled setting powder designed to set makeup and control shine. With a lightweight and translucent formula, it provides a smooth and matte finish.;Beleza;14.99;4.64;89;Velvet Touch;1334.11;Baixo risco;Excelente;Abaixo da média;96.11;Excelente;1;3
4;Red Lipstick;The Red Lipstick is a classic and bold choice for adding a pop of color to your lips. With a creamy and pigmented formula, it provides a vibrant and long-lasting finish.;Beleza;12.99;4.36;91;Chic Cosmetics;1182.09;Baixo risco;Bom;Abaixo da média;95.26;Excelente;1;4
5;Red Nail Polish;The Red Nail Polish offers a rich and glossy red hue for vibrant and polished nails. With a quick-drying formula, it provides a salon-quality finish at home.;Beleza;8.99;4.32;79;Nail Couture;710.21;Baixo risco;Bom;Abaixo da média;92.22;Excelente;1;5
6;Calvin Klein CK One;CK One by Calvin Klein is a classic unisex fragrance, known for its fresh and clean scent. It's a versatile fragrance suitable for everyday wear.;Fragrâncias;49.99;4.37;29;Calvin Klein;1449.71;Médio risco;Bom;Abaixo da média;80.43;Excelente;2;6
7;Chanel Coco Noir Eau De;Coco Noir by Chanel is an elegant and mysterious fragrance, featuring notes of grapefruit, rose, and sandalwood. Perfect for evening occasions.;Fragrâncias;129.99;4.26;58;Chanel;7539.42;Baixo risco;Bom;Abaixo da média;86.63;Excelente;2;7
8;Dior J'adore;J'adore by Dior is a luxurious and floral fragrance, known for its blend of ylang-ylang, rose, and jasmine. It embodies femininity and sophistication.;Fragrâncias;89.99;3.8;98;Dior;8819.02;Baixo risco;Bom;Abaixo da média;94.07;Excelente;2;8
9;Dolce Shine Eau de;Dolce Shine by Dolce & Gabbana is a vibrant and fruity fragrance, featuring notes of mango, jasmine, and blonde woods. It's a joyful and youthful scent.;Fragrâncias;69.99;3.96;4;Dolce & Gabbana;279.96;Alto risco;Bom;Abaixo da média;72.47;Bom;2;9
10;Gucci Bloom Eau de;Gucci Bloom by Gucci is a floral and captivating fragrance, with notes of tuberose, jasmine, and Rangoon creeper. It's a modern and romantic scent.;Fragrâncias;79.99;2.74;91;Gucci;7279.09;Baixo risco;Ruim;Abaixo da média;87.37;Excelente;2;10
11;Annibale Colombo Bed;The Annibale Colombo Bed is a luxurious and elegant bed frame, crafted with high-quality materials for a comfortable and stylish bedroom.;Móveis;1899.99;4.77;88;Annibale Colombo;167199.12;Baixo risco;Excelente;Acima da média;92.0;Excelente;3;11
12;Annibale Colombo Sofa;The Annibale Colombo Sofa is a sophisticated and comfortable seating option, featuring exquisite design and premium upholstery for your living room.;Móveis;2499.99;3.92;60;Annibale Colombo;149999.4;Baixo risco;Bom;Acima da média;79.84;Excelente;3;11
13;Bedside Table African Cherry;The Bedside Table in African Cherry is a stylish and functional addition to your bedroom, providing convenient storage space and a touch of elegance.;Móveis;299.99;2.87;64;Furniture Co.;19199.36;Baixo risco;Ruim;Abaixo da média;81.03;Excelente;3;12
14;Knoll Saarinen Executive Conference Chair;The Knoll Saarinen Executive Conference Chair is a modern and ergonomic chair, perfect for your office or conference room with its timeless design.;Móveis;499.99;4.88;26;Knoll;12999.74;Médio risco;Excelente;Abaixo da média;81.08;Excelente;3;13
15;Wooden Bathroom Sink With Mirror;The Wooden Bathroom Sink with Mirror is a unique and stylish addition to your bathroom, featuring a wooden sink countertop and a matching mirror.;Móveis;799.99;3.59;7;Bath Trends;5599.93;Alto risco;Bom;Abaixo da média;69.68;Bom;3;14
16;Apple;Fresh and crisp apples, perfect for snacking or incorporating into various recipes.;Compras;1.99;4.19;8;Sem marca;15.92;Alto risco;Bom;Abaixo da média;74.68;Bom;4;15
17;Beef Steak;High-quality beef steak, great for grilling or cooking to your preferred level of doneness.;Compras;12.99;4.47;86;Sem marca;1117.14;Baixo risco;Bom;Abaixo da média;94.59;Excelente;4;15
18;Cat Food;Nutritious cat food formulated to meet the dietary needs of your feline friend.;Compras;8.99;3.13;46;Sem marca;413.54;Baixo risco;Bom;Abaixo da média;78.67;Excelente;4;15
19;Chicken Meat;Fresh and tender chicken meat, suitable for various culinary preparations.;Compras;9.99;3.19;97;Sem marca;969.03;Baixo risco;Bom;Abaixo da média;91.12;Excelente;4;15
20;Cooking Oil;Versatile cooking oil suitable for frying, sautéing, and various culinary applications.;Compras;4.99;4.8;10;Sem marca;49.9;Médio risco;Excelente;Abaixo da média;78.06;Excelente;4;15
21;Cucumber;Crisp and hydrating cucumbers, ideal for salads, snacks, or as a refreshing side.;Compras;1.49;4.07;84;Sem marca;125.16;Baixo risco;Bom;Abaixo da média;92.23;Excelente;4;15
22;Dog Food;Specially formulated dog food designed to provide essential nutrients for your canine companion.;Compras;10.99;4.55;71;Sem marca;780.29;Baixo risco;Excelente;Abaixo da média;91.4;Excelente;4;15
23;Eggs;Fresh eggs, a versatile ingredient for baking, cooking, or breakfast.;Compras;2.99;2.53;9;Sem marca;26.91;Alto risco;Ruim;Abaixo da média;67.0;Bom;4;15
24;Fish Steak;Quality fish steak, suitable for grilling, baking, or pan-searing.;Compras;14.99;3.78;74;Sem marca;1109.26;Baixo risco;Bom;Abaixo da média;88.43;Excelente;4;15
25;Green Bell Pepper;Fresh and vibrant green bell pepper, perfect for adding color and flavor to your dishes.;Compras;1.29;3.25;33;Sem marca;42.57;Baixo risco;Bom;Abaixo da média;76.16;Excelente;4;15
26;Green Chili Pepper;Spicy green chili pepper, ideal for adding heat to your favorite recipes.;Compras;0.99;3.66;3;Sem marca;2.97;Alto risco;Bom;Abaixo da média;70.96;Bom;4;15
27;Honey Jar;Pure and natural honey in a convenient jar, perfect for sweetening beverages or drizzling over food.;Compras;6.99;3.97;34;Sem marca;237.66;Baixo risco;Bom;Abaixo da média;79.82;Excelente;4;15
28;Ice Cream;Creamy and delicious ice cream, available in various flavors for a delightful treat.;Compras;5.49;3.39;27;Sem marca;148.23;Médio risco;Bom;Abaixo da média;75.39;Excelente;4;15
29;Juice;Refreshing fruit juice, packed with vitamins and great for staying hydrated.;Compras;3.99;3.94;50;Sem marca;199.5;Baixo risco;Bom;Abaixo da média;83.5;Excelente;4;15
30;Kiwi;Nutrient-rich kiwi, perfect for snacking or adding a tropical twist to your dishes.;Compras;2.49;4.93;99;Sem marca;246.51;Baixo risco;Excelente;Abaixo da média;99.91;Excelente;4;15
31;Lemon;Zesty and tangy lemons, versatile for cooking, baking, or making refreshing beverages.;Compras;0.79;3.53;31;Sem marca;24.49;Baixo risco;Bom;Abaixo da média;77.02;Excelente;4;15
32;Milk;Fresh and nutritious milk, a staple for various recipes and daily consumption.;Compras;3.49;2.61;27;Sem marca;94.23;Médio risco;Ruim;Abaixo da média;71.67;Bom;4;15
33;Mulberry;Sweet and juicy mulberries, perfect for snacking or adding to desserts and cereals.;Compras;4.99;4.95;99;Sem marca;494.01;Baixo risco;Excelente;Abaixo da média;100.0;Excelente;4;15
34;Nescafe Coffee;Quality coffee from Nescafe, available in various blends for a rich and satisfying cup.;Compras;7.99;4.82;57;Sem marca;455.43;Baixo risco;Excelente;Abaixo da média;89.36;Excelente;4;15
35;Potatoes;Versatile and starchy potatoes, great for roasting, mashing, or as a side dish.;Compras;2.29;4.81;13;Sem marca;29.77;Médio risco;Excelente;Abaixo da média;78.83;Excelente;4;15
36;Protein Powder;Nutrient-packed protein powder, ideal for supplementing your diet with essential proteins.;Compras;19.99;4.18;80;Sem marca;1599.2;Baixo risco;Bom;Abaixo da média;91.76;Excelente;4;15
37;Red Onions;Flavorful and aromatic red onions, perfect for adding depth to your savory dishes.;Compras;1.99;4.2;82;Sem marca;163.18;Baixo risco;Bom;Abaixo da média;92.38;Excelente;4;15
38;Rice;High-quality rice, a staple for various cuisines and a versatile base for many dishes.;Compras;5.99;3.18;59;Sem marca;353.41;Baixo risco;Bom;Abaixo da média;82.02;Excelente;4;15
39;Soft Drinks;Assorted soft drinks in various flavors, perfect for refreshing beverages.;Compras;1.99;4.75;53;Sem marca;105.47;Baixo risco;Excelente;Abaixo da média;88.08;Excelente;4;15
40;Strawberry;Sweet and succulent strawberries, great for snacking, desserts, or blending into smoothies.;Compras;3.99;3.08;46;Sem marca;183.54;Baixo risco;Bom;Abaixo da média;78.45;Excelente;4;15
41;Tissue Paper Box;Convenient tissue paper box for everyday use, providing soft and absorbent tissues.;Compras;2.49;2.69;86;Sem marca;214.14;Baixo risco;Ruim;Abaixo da média;86.13;Excelente;4;15
42;Water;Pure and refreshing bottled water, essential for staying hydrated throughout the day.;Compras;0.99;4.96;53;Sem marca;52.47;Baixo risco;Excelente;Abaixo da média;89.09;Excelente;4;15
43;Decoration Swing;The Decoration Swing is a charming addition to your home decor. Crafted with intricate details, it adds a touch of elegance and whimsy to any room.;Decoração casa;59.99;3.16;47;Sem marca;2819.53;Baixo risco;Bom;Abaixo da média;78.93;Excelente;5;15
44;Family Tree Photo Frame;The Family Tree Photo Frame is a sentimental and stylish way to display your cherished family memories. With multiple photo slots, it tells the story of your loved ones.;Decoração casa;29.99;4.53;77;Sem marca;2309.23;Baixo risco;Excelente;Abaixo da média;92.69;Excelente;5;15
45;House Showpiece Plant;The House Showpiece Plant is an artificial plant that brings a touch of nature to your home without the need for maintenance. It adds greenery and style to any space.;Decoração casa;39.99;4.67;28;Sem marca;1119.72;Médio risco;Excelente;Abaixo da média;81.65;Excelente;5;15
46;Plant Pot;The Plant Pot is a stylish container for your favorite plants. With a sleek design, it complements your indoor or outdoor garden, adding a modern touch to your plant display.;Decoração casa;14.99;3.01;59;Sem marca;884.41;Baixo risco;Bom;Abaixo da média;81.19;Excelente;5;15
47;Table Lamp;The Table Lamp is a functional and decorative lighting solution for your living space. With a modern design, it provides both ambient and task lighting, enhancing the atmosphere.;Decoração casa;49.99;3.55;9;Sem marca;449.91;Alto risco;Bom;Abaixo da média;71.75;Bom;5;15
48;Bamboo Spatula;The Bamboo Spatula is a versatile kitchen tool made from eco-friendly bamboo. Ideal for flipping, stirring, and serving various dishes.;Acessórios cozinha;7.99;3.27;37;Sem marca;295.63;Baixo risco;Bom;Abaixo da média;77.2;Excelente;6;15
49;Black Aluminium Cup;The Black Aluminium Cup is a stylish and durable cup suitable for both hot and cold beverages. Its sleek black design adds a modern touch to your drinkware collection.;Acessórios cozinha;5.99;4.46;75;Sem marca;449.25;Baixo risco;Bom;Abaixo da média;91.94;Excelente;6;15
50;Black Whisk;The Black Whisk is a kitchen essential for whisking and beating ingredients. Its ergonomic handle and sleek design make it a practical and stylish tool.;Acessórios cozinha;9.99;3.9;73;Sem marca;729.27;Baixo risco;Bom;Abaixo da média;88.78;Excelente;6;15
51;Boxed Blender;The Boxed Blender is a powerful and compact blender perfect for smoothies, shakes, and more. Its convenient design and multiple functions make it a versatile kitchen appliance.;Acessórios cozinha;39.99;4.56;9;Sem marca;359.91;Alto risco;Excelente;Abaixo da média;76.59;Excelente;6;15
52;Carbon Steel Wok;The Carbon Steel Wok is a versatile cooking pan suitable for stir-frying, sautéing, and deep frying. Its sturdy construction ensures even heat distribution for delicious meals.;Acessórios cozinha;29.99;4.05;40;Sem marca;1199.6;Baixo risco;Bom;Abaixo da média;81.58;Excelente;6;15
53;Chopping Board;The Chopping Board is an essential kitchen accessory for food preparation. Made from durable material, it provides a safe and hygienic surface for cutting and chopping.;Acessórios cozinha;12.99;3.7;14;Sem marca;181.86;Médio risco;Bom;Abaixo da média;73.75;Bom;6;15
54;Citrus Squeezer Yellow;The Citrus Squeezer in Yellow is a handy tool for extracting juice from citrus fruits. Its vibrant color adds a cheerful touch to your kitchen gadgets.;Acessórios cozinha;8.99;4.63;22;Sem marca;197.78;Médio risco;Excelente;Abaixo da média;80.1;Excelente;6;15
55;Egg Slicer;The Egg Slicer is a convenient tool for slicing boiled eggs evenly. It's perfect for salads, sandwiches, and other dishes where sliced eggs are desired.;Acessórios cozinha;6.99;3.09;40;Sem marca;279.6;Baixo risco;Bom;Abaixo da média;77.05;Excelente;6;15
56;Electric Stove;The Electric Stove provides a portable and efficient cooking solution. Ideal for small kitchens or as an additional cooking surface for various culinary needs.;Acessórios cozinha;49.99;4.11;21;Sem marca;1049.79;Médio risco;Bom;Abaixo da média;77.29;Excelente;6;15
57;Fine Mesh Strainer;The Fine Mesh Strainer is a versatile tool for straining liquids and sifting dry ingredients. Its fine mesh ensures efficient filtering for smooth cooking and baking.;Acessórios cozinha;9.99;3.04;85;Sem marca;849.15;Baixo risco;Bom;Abaixo da média;87.54;Excelente;6;15
58;Fork;The Fork is a classic utensil for various dining and serving purposes. Its durable and ergonomic design makes it a reliable choice for everyday use.;Acessórios cozinha;3.99;3.11;7;Sem marca;27.93;Alto risco;Bom;Abaixo da média;69.29;Bom;6;15
59;Glass;The Glass is a versatile and elegant drinking vessel suitable for a variety of beverages. Its clear design allows you to enjoy the colors and textures of your drinks.;Acessórios cozinha;4.99;4.02;46;Sem marca;229.54;Baixo risco;Bom;Abaixo da média;82.93;Excelente;6;15
60;Grater Black;The Grater in Black is a handy kitchen tool for grating cheese, vegetables, and more. Its sleek design and sharp blades make food preparation efficient and easy.;Acessórios cozinha;10.99;3.21;84;Sem marca;923.16;Baixo risco;Bom;Abaixo da média;88.11;Excelente;6;15
61;Hand Blender;The Hand Blender is a versatile kitchen appliance for blending, pureeing, and mixing. Its compact design and powerful motor make it a convenient tool for various recipes.;Acessórios cozinha;34.99;3.86;84;Sem marca;2939.16;Baixo risco;Bom;Abaixo da média;91.15;Excelente;6;15
62;Ice Cube Tray;The Ice Cube Tray is a practical accessory for making ice cubes in various shapes. Perfect for keeping your drinks cool and adding a fun element to your beverages.;Acessórios cozinha;5.99;4.71;13;Sem marca;77.87;Médio risco;Excelente;Abaixo da média;78.35;Excelente;6;15
63;Kitchen Sieve;The Kitchen Sieve is a versatile tool for sifting and straining dry and wet ingredients. Its fine mesh design ensures smooth results in your cooking and baking.;Acessórios cozinha;7.99;3.09;68;Sem marca;543.32;Baixo risco;Bom;Abaixo da média;83.73;Excelente;6;15
64;Knife;The Knife is an essential kitchen tool for chopping, slicing, and dicing. Its sharp blade and ergonomic handle make it a reliable choice for food preparation.;Acessórios cozinha;14.99;3.26;7;Sem marca;104.93;Alto risco;Bom;Abaixo da média;69.98;Bom;6;15
65;Lunch Box;The Lunch Box is a convenient and portable container for packing and carrying your meals. With compartments for different foods, it's perfect for on-the-go dining.;Acessórios cozinha;12.99;4.93;94;Sem marca;1221.06;Baixo risco;Excelente;Abaixo da média;98.69;Excelente;6;15
66;Microwave Oven;The Microwave Oven is a versatile kitchen appliance for quick and efficient cooking, reheating, and defrosting. Its compact size makes it suitable for various kitchen setups.;Acessórios cozinha;89.99;4.82;59;Sem marca;5309.41;Baixo risco;Excelente;Abaixo da média;89.64;Excelente;6;15
67;Mug Tree Stand;The Mug Tree Stand is a stylish and space-saving solution for organizing your mugs. Keep your favorite mugs easily accessible and neatly displayed in your kitchen.;Acessórios cozinha;15.99;2.64;88;Sem marca;1407.12;Baixo risco;Ruim;Abaixo da média;86.33;Excelente;6;15
68;Pan;The Pan is a versatile and essential cookware item for frying, sautéing, and cooking various dishes. Its non-stick coating ensures easy food release and cleanup.;Acessórios cozinha;24.99;2.79;90;Sem marca;2249.1;Baixo risco;Ruim;Abaixo da média;87.5;Excelente;6;15
69;Plate;The Plate is a classic and essential dishware item for serving meals. Its durable and stylish design makes it suitable for everyday use or special occasions.;Acessórios cozinha;3.99;3.65;66;Sem marca;263.34;Baixo risco;Bom;Abaixo da média;85.93;Excelente;6;15
70;Red Tongs;The Red Tongs are versatile kitchen tongs suitable for various cooking and serving tasks. Their vibrant color adds a pop of excitement to your kitchen utensils.;Acessórios cozinha;6.99;4.42;82;Sem marca;573.18;Baixo risco;Bom;Abaixo da média;93.41;Excelente;6;15
71;Silver Pot With Glass Cap;The Silver Pot with Glass Cap is a stylish and functional cookware item for boiling, simmering, and preparing delicious meals. Its glass cap allows you to monitor cooking progress.;Acessórios cozinha;39.99;3.22;40;Sem marca;1599.6;Baixo risco;Bom;Abaixo da média;77.6;Excelente;6;15
72;Slotted Turner;The Slotted Turner is a kitchen utensil designed for flipping and turning food items. Its slotted design allows excess liquid to drain, making it ideal for frying and sautéing.;Acessórios cozinha;8.99;3.4;88;Sem marca;791.12;Baixo risco;Bom;Abaixo da média;89.97;Excelente;6;15
73;Spice Rack;The Spice Rack is a convenient organizer for your spices and seasonings. Keep your kitchen essentials within reach and neatly arranged with this stylish spice rack.;Acessórios cozinha;19.99;4.87;79;Sem marca;1579.21;Baixo risco;Excelente;Abaixo da média;94.81;Excelente;6;15
74;Spoon;The Spoon is a versatile kitchen utensil for stirring, serving, and tasting. Its ergonomic design and durable construction make it an essential tool for every kitchen.;Acessórios cozinha;4.99;4.03;59;Sem marca;294.41;Baixo risco;Bom;Abaixo da média;86.07;Excelente;6;15
75;Tray;The Tray is a functional and decorative item for serving snacks, appetizers, or drinks. Its stylish design makes it a versatile accessory for entertaining guests.;Acessórios cozinha;16.99;4.62;71;Sem marca;1206.29;Baixo risco;Excelente;Abaixo da média;91.72;Excelente;6;15
76;Wooden Rolling Pin;The Wooden Rolling Pin is a classic kitchen tool for rolling out dough for baking. Its smooth surface and sturdy handles make it easy to achieve uniform thickness.;Acessórios cozinha;11.99;2.92;80;Sem marca;959.2;Baixo risco;Ruim;Abaixo da média;85.77;Excelente;6;15
77;Yellow Peeler;The Yellow Peeler is a handy tool for peeling fruits and vegetables with ease. Its bright yellow color adds a cheerful touch to your kitchen gadgets.;Acessórios cozinha;5.99;4.24;35;Sem marca;209.65;Baixo risco;Bom;Abaixo da média;81.35;Excelente;6;15
78;Apple MacBook Pro 14 Inch Space Grey;The MacBook Pro 14 Inch in Space Grey is a powerful and sleek laptop, featuring Apple's M1 Pro chip for exceptional performance and a stunning Retina display.;Notebooks;1999.99;3.65;24;Apple;47999.76;Médio risco;Bom;Acima da média;71.16;Bom;7;16
79;Asus Zenbook Pro Dual Screen Laptop;The Asus Zenbook Pro Dual Screen Laptop is a high-performance device with dual screens, providing productivity and versatility for creative professionals.;Notebooks;1799.99;3.95;45;Asus;80999.55;Baixo risco;Bom;Acima da média;78.07;Excelente;7;17
80;Huawei Matebook X Pro;The Huawei Matebook X Pro is a slim and stylish laptop with a high-resolution touchscreen display, offering a premium experience for users on the go.;Notebooks;1399.99;4.98;75;Huawei;104999.25;Baixo risco;Excelente;Abaixo da média;91.09;Excelente;7;18
81;Lenovo Yoga 920;The Lenovo Yoga 920 is a 2-in-1 convertible laptop with a flexible hinge, allowing you to use it as a laptop or tablet, offering versatility and portability.;Notebooks;1099.99;2.86;40;Lenovo;43999.6;Baixo risco;Ruim;Abaixo da média;73.35;Bom;7;19
82;New DELL XPS 13 9300 Laptop;The New DELL XPS 13 9300 Laptop is a compact and powerful device, featuring a virtually borderless InfinityEdge display and high-end performance for various tasks.;Notebooks;1499.99;2.67;74;Dell;110999.26;Baixo risco;Ruim;Abaixo da média;79.6;Excelente;7;20
83;Blue & Black Check Shirt;The Blue & Black Check Shirt is a stylish and comfortable men's shirt featuring a classic check pattern. Made from high-quality fabric, it's suitable for both casual and semi-formal occasions.;Camisetas masculinas;29.99;3.64;38;Fashion Trends;1139.62;Baixo risco;Bom;Abaixo da média;79.15;Excelente;8;21
84;Gigabyte Aorus Men Tshirt;The Gigabyte Aorus Men Tshirt is a cool and casual shirt for gaming enthusiasts. With the Aorus logo and sleek design, it's perfect for expressing your gaming style.;Camisetas masculinas;24.99;3.18;90;Gigabyte;2249.1;Baixo risco;Bom;Abaixo da média;89.36;Excelente;8;22
85;Man Plaid Shirt;The Man Plaid Shirt is a timeless and versatile men's shirt with a classic plaid pattern. Its comfortable fit and casual style make it a wardrobe essential for various occasions.;Camisetas masculinas;34.99;3.46;82;Classic Wear;2869.18;Baixo risco;Bom;Abaixo da média;88.77;Excelente;8;23
86;Man Short Sleeve Shirt;The Man Short Sleeve Shirt is a breezy and stylish option for warm days. With a comfortable fit and short sleeves, it's perfect for a laid-back yet polished look.;Camisetas masculinas;19.99;2.9;2;Casual Comfort;39.98;Alto risco;Ruim;Abaixo da média;67.06;Bom;8;24
87;Men Check Shirt;The Men Check Shirt is a classic and versatile shirt featuring a stylish check pattern. Suitable for various occasions, it adds a smart and polished touch to your wardrobe.;Camisetas masculinas;27.99;2.72;95;Urban Chic;2659.05;Baixo risco;Ruim;Abaixo da média;88.36;Excelente;8;25
88;Nike Air Jordan 1 Red And Black;The Nike Air Jordan 1 in Red and Black is an iconic basketball sneaker known for its stylish design and high-performance features, making it a favorite among sneaker enthusiasts and athletes.;Tênis masculino;149.99;4.77;7;Nike;1049.93;Alto risco;Excelente;Abaixo da média;76.86;Excelente;9;26
89;Nike Baseball Cleats;Nike Baseball Cleats are designed for maximum traction and performance on the baseball field. They provide stability and support for players during games and practices.;Tênis masculino;79.99;3.88;12;Nike;959.88;Médio risco;Bom;Abaixo da média;73.97;Bom;9;26
90;Puma Future Rider Trainers;The Puma Future Rider Trainers offer a blend of retro style and modern comfort. Perfect for casual wear, these trainers provide a fashionable and comfortable option for everyday use.;Tênis masculino;89.99;4.9;90;Puma;8099.1;Baixo risco;Excelente;Abaixo da média;97.41;Excelente;9;27
91;Sports Sneakers Off White & Red;The Sports Sneakers in Off White and Red combine style and functionality, making them a fashionable choice for sports enthusiasts. The red and off-white color combination adds a bold and energetic touch.;Tênis masculino;119.99;4.77;17;Off White;2039.83;Médio risco;Excelente;Abaixo da média;79.31;Excelente;9;28
92;Sports Sneakers Off White Red;Another variant of the Sports Sneakers in Off White Red, featuring a unique design. These sneakers offer style and comfort for casual occasions.;Tênis masculino;109.99;4.69;62;Off White;6819.38;Baixo risco;Excelente;Abaixo da média;89.69;Excelente;9;28
93;Brown Leather Belt Watch;The Brown Leather Belt Watch is a stylish timepiece with a classic design. Featuring a genuine leather strap and a sleek dial, it adds a touch of sophistication to your look.;Relogios masculinos;89.99;4.19;32;Fashion Timepieces;2879.68;Baixo risco;Bom;Abaixo da média;80.2;Excelente;10;29
94;Longines Master Collection;The Longines Master Collection is an elegant and refined watch known for its precision and craftsmanship. With a timeless design, it's a symbol of luxury and sophistication.;Relogios masculinos;1499.99;3.87;100;Longines;149999.0;Baixo risco;Bom;Abaixo da média;91.52;Excelente;10;30
95;Rolex Cellini Date Black Dial;The Rolex Cellini Date with Black Dial is a classic and prestigious watch. With a black dial and date complication, it exudes sophistication and is a symbol of Rolex's heritage.;Relogios masculinos;8999.99;4.97;40;Rolex;359999.6;Baixo risco;Excelente;Acima da média;64.58;Bom;10;31
96;Rolex Cellini Moonphase;The Rolex Cellini Moonphase is a masterpiece of horology, featuring a moon phase complication and exquisite design. It reflects Rolex's commitment to precision and elegance.;Relogios masculinos;12999.99;2.58;36;Rolex;467999.64;Baixo risco;Ruim;Acima da média;42.69;Bom;10;31
97;Rolex Datejust;The Rolex Datejust is an iconic and versatile timepiece with a date window. Known for its timeless design and reliability, it's a symbol of Rolex's watchmaking excellence.;Relogios masculinos;10999.99;3.66;86;Rolex;945999.14;Baixo risco;Bom;Acima da média;64.53;Bom;10;31
98;Rolex Submariner Watch;The Rolex Submariner is a legendary dive watch with a rich history. Known for its durability and water resistance, it's a symbol of adventure and exploration.;Relogios masculinos;13999.99;2.69;55;Rolex;769999.45;Baixo risco;Ruim;Acima da média;45.36;Bom;10;31
99;Amazon Echo Plus;The Amazon Echo Plus is a smart speaker with built-in Alexa voice control. It features premium sound quality and serves as a hub for controlling smart home devices.;Acessórios para celular;99.99;4.99;61;Amazon;6099.39;Baixo risco;Excelente;Abaixo da média;90.9;Excelente;11;32
100;Apple Airpods;The Apple Airpods offer a seamless wireless audio experience. With easy pairing, high-quality sound, and Siri integration, they are perfect for on-the-go listening.;Acessórios para celular;129.99;4.15;67;Apple;8709.33;Baixo risco;Bom;Abaixo da média;88.26;Excelente;11;16
101;Apple AirPods Max Silver;The Apple AirPods Max in Silver are premium over-ear headphones with high-fidelity audio, adaptive EQ, and active noise cancellation. Experience immersive sound in style.;Acessórios para celular;549.99;3.47;59;Apple;32449.41;Baixo risco;Bom;Abaixo da média;82.1;Excelente;11;16
102;Apple Airpower Wireless Charger;The Apple AirPower Wireless Charger provides a convenient way to charge your compatible Apple devices wirelessly. Simply place your devices on the charging mat for effortless charging.;Acessórios para celular;79.99;3.68;1;Apple;79.99;Alto risco;Bom;Abaixo da média;70.39;Bom;11;16
103;Apple HomePod Mini Cosmic Grey;The Apple HomePod Mini in Cosmic Grey is a compact smart speaker that delivers impressive audio and integrates seamlessly with the Apple ecosystem for a smart home experience.;Acessórios para celular;99.99;4.62;27;Apple;2699.73;Médio risco;Excelente;Abaixo da média;81.03;Excelente;11;16
104;Apple iPhone Charger;The Apple iPhone Charger is a high-quality charger designed for fast and efficient charging of your iPhone. Ensure your device stays powered up and ready to go.;Acessórios para celular;19.99;4.15;31;Apple;619.69;Baixo risco;Bom;Abaixo da média;79.93;Excelente;11;16
105;Apple MagSafe Battery Pack;The Apple MagSafe Battery Pack is a portable and convenient way to add extra battery life to your MagSafe-compatible iPhone. Attach it magnetically for a secure connection.;Acessórios para celular;99.99;3.62;1;Apple;99.99;Alto risco;Bom;Abaixo da média;70.06;Bom;11;16
106;Apple Watch Series 4 Gold;The Apple Watch Series 4 in Gold is a stylish and advanced smartwatch with features like heart rate monitoring, fitness tracking, and a beautiful Retina display.;Acessórios para celular;349.99;2.74;33;Apple;11549.67;Baixo risco;Ruim;Abaixo da média;72.9;Bom;11;16
107;Beats Flex Wireless Earphones;The Beats Flex Wireless Earphones offer a comfortable and versatile audio experience. With magnetic earbuds and up to 12 hours of battery life, they are ideal for everyday use.;Acessórios para celular;49.99;4.24;50;Beats;2499.5;Baixo risco;Bom;Abaixo da média;84.82;Excelente;11;33
108;iPhone 12 Silicone Case with MagSafe Plum;The iPhone 12 Silicone Case with MagSafe in Plum is a stylish and protective case designed for the iPhone 12. It features MagSafe technology for easy attachment of accessories.;Acessórios para celular;29.99;3.62;69;Apple;2069.31;Baixo risco;Bom;Abaixo da média;86.44;Excelente;11;16
109;Monopod;The Monopod is a versatile camera accessory for stable and adjustable shooting. Perfect for capturing selfies, group photos, and videos with ease.;Acessórios para celular;19.99;4.43;48;TechGear;959.52;Baixo risco;Bom;Abaixo da média;85.32;Excelente;11;34
110;Selfie Lamp with iPhone;The Selfie Lamp with iPhone is a portable and adjustable LED light designed to enhance your selfies and video calls. Attach it to your iPhone for well-lit photos.;Acessórios para celular;14.99;3.55;58;GadgetMaster;869.42;Baixo risco;Bom;Abaixo da média;83.52;Excelente;11;35
111;Selfie Stick Monopod;The Selfie Stick Monopod is a extendable and foldable device for capturing the perfect selfie or group photo. Compatible with smartphones and cameras.;Acessórios para celular;12.99;3.88;11;SnapTech;142.89;Médio risco;Bom;Abaixo da média;73.89;Bom;11;36
112;TV Studio Camera Pedestal;The TV Studio Camera Pedestal is a professional-grade camera support system for smooth and precise camera movements in a studio setting. Ideal for broadcast and production.;Acessórios para celular;499.99;2.78;15;ProVision;7499.85;Médio risco;Ruim;Abaixo da média;68.44;Bom;11;37
113;Generic Motorcycle;The Generic Motorcycle is a versatile and reliable bike suitable for various riding preferences. With a balanced design, it provides a comfortable and efficient riding experience.;Motos;3999.99;4.91;34;Generic Motors;135999.66;Baixo risco;Excelente;Acima da média;74.78;Bom;12;38
114;Kawasaki Z800;The Kawasaki Z800 is a powerful and agile sportbike known for its striking design and performance. It's equipped with advanced features, making it a favorite among motorcycle enthusiasts.;Motos;8999.99;3.98;52;Kawasaki;467999.48;Baixo risco;Bom;Acima da média;62.72;Bom;12;39
115;MotoGP CI.H1;The MotoGP CI.H1 is a high-performance motorcycle inspired by MotoGP racing technology. It offers cutting-edge features and precision engineering for an exhilarating riding experience.;Motos;14999.99;2.97;10;MotoGP;149999.9;Médio risco;Ruim;Acima da média;33.58;Ruim;12;40
116;Scooter Motorcycle;The Scooter Motorcycle is a practical and fuel-efficient bike ideal for urban commuting. It features a step-through design and user-friendly controls for easy maneuverability.;Motos;2999.99;2.53;84;ScootMaster;251999.16;Baixo risco;Ruim;Acima da média;77.74;Excelente;12;41
117;Sportbike Motorcycle;The Sportbike Motorcycle is designed for speed and agility, with a sleek and aerodynamic profile. It's suitable for riders looking for a dynamic and thrilling riding experience.;Motos;7499.99;3.94;0;SpeedMaster;0.0;Alto risco;Bom;Acima da média;53.7;Bom;12;42
118;Attitude Super Leaves Hand Soap;Attitude Super Leaves Hand Soap is a natural and nourishing hand soap enriched with the goodness of super leaves. It cleanses and moisturizes your hands, leaving them feeling fresh and soft.;Skin care;8.99;3.19;94;Attitude;845.06;Baixo risco;Bom;Abaixo da média;90.4;Excelente;13;43
119;Olay Ultra Moisture Shea Butter Body Wash;Olay Ultra Moisture Shea Butter Body Wash is a luxurious body wash that hydrates and nourishes your skin with the moisturizing power of shea butter. Enjoy a rich lather and silky-smooth skin.;Skin care;12.99;4.51;34;Olay;441.66;Baixo risco;Excelente;Abaixo da média;82.38;Excelente;13;44
120;Vaseline Men Body and Face Lotion;Vaseline Men Body and Face Lotion is a specially formulated lotion designed to provide long-lasting moisture to men's skin. It absorbs quickly and helps keep the skin hydrated and healthy.;Skin care;9.99;3.16;95;Vaseline;949.05;Baixo risco;Bom;Abaixo da média;90.5;Excelente;13;45
121;iPhone 5s;The iPhone 5s is a classic smartphone known for its compact design and advanced features during its release. While it's an older model, it still provides a reliable user experience.;Celulares;199.99;2.83;25;Apple;4999.75;Médio risco;Ruim;Abaixo da média;71.78;Bom;14;16
122;iPhone 6;The iPhone 6 is a stylish and capable smartphone with a larger display and improved performance. It introduced new features and design elements, making it a popular choice in its time.;Celulares;299.99;3.41;60;Apple;17999.4;Baixo risco;Bom;Abaixo da média;82.65;Excelente;14;16
123;iPhone 13 Pro;The iPhone 13 Pro is a cutting-edge smartphone with a powerful camera system, high-performance chip, and stunning display. It offers advanced features for users who demand top-notch technology.;Celulares;1099.99;4.12;56;Apple;61599.44;Baixo risco;Bom;Abaixo da média;83.18;Excelente;14;16
124;iPhone X;The iPhone X is a flagship smartphone featuring a bezel-less OLED display, facial recognition technology (Face ID), and impressive performance. It represents a milestone in iPhone design and innovation.;Celulares;899.99;2.51;37;Apple;33299.63;Baixo risco;Ruim;Abaixo da média;71.44;Bom;14;16
125;Oppo A57;The Oppo A57 is a mid-range smartphone known for its sleek design and capable features. It offers a balance of performance and affordability, making it a popular choice.;Celulares;249.99;3.94;19;Oppo;4749.81;Médio risco;Bom;Abaixo da média;75.52;Excelente;14;46
126;Oppo F19 Pro Plus;The Oppo F19 Pro Plus is a feature-rich smartphone with a focus on camera capabilities. It boasts advanced photography features and a powerful performance for a premium user experience.;Celulares;399.99;3.51;78;Oppo;31199.22;Baixo risco;Bom;Abaixo da média;87.18;Excelente;14;46
127;Oppo K1;The Oppo K1 series offers a range of smartphones with various features and specifications. Known for their stylish design and reliable performance, the Oppo K1 series caters to diverse user preferences.;Celulares;299.99;4.25;55;Oppo;16499.45;Baixo risco;Bom;Abaixo da média;85.47;Excelente;14;46
128;Realme C35;The Realme C35 is a budget-friendly smartphone with a focus on providing essential features for everyday use. It offers a reliable performance and user-friendly experience.;Celulares;149.99;4.2;48;Realme;7199.52;Baixo risco;Bom;Abaixo da média;83.92;Excelente;14;47
129;Realme X;The Realme X is a mid-range smartphone known for its sleek design and impressive display. It offers a good balance of performance and camera capabilities for users seeking a quality device.;Celulares;299.99;3.7;12;Realme;3599.88;Médio risco;Bom;Abaixo da média;72.59;Bom;14;47
130;Realme XT;The Realme XT is a feature-rich smartphone with a focus on camera technology. It comes equipped with advanced camera sensors, delivering high-quality photos and videos for photography enthusiasts.;Celulares;349.99;4.58;80;Realme;27999.2;Baixo risco;Excelente;Abaixo da média;92.88;Excelente;14;47
131;Samsung Galaxy S7;The Samsung Galaxy S7 is a flagship smartphone known for its sleek design and advanced features. It features a high-resolution display, powerful camera, and robust performance.;Celulares;299.99;3.3;67;Samsung;20099.33;Baixo risco;Bom;Abaixo da média;83.8;Excelente;14;48
132;Samsung Galaxy S8;The Samsung Galaxy S8 is a premium smartphone with an Infinity Display, offering a stunning visual experience. It boasts advanced camera capabilities and cutting-edge technology.;Celulares;499.99;4.4;0;Samsung;0.0;Alto risco;Bom;Abaixo da média;72.59;Bom;14;48
133;Samsung Galaxy S10;The Samsung Galaxy S10 is a flagship device featuring a dynamic AMOLED display, versatile camera system, and powerful performance. It represents innovation and excellence in smartphone technology.;Celulares;699.99;3.06;19;Samsung;13299.81;Médio risco;Bom;Abaixo da média;70.25;Bom;14;48
134;Vivo S1;The Vivo S1 is a stylish and mid-range smartphone offering a blend of design and performance. It features a vibrant display, capable camera system, and reliable functionality.;Celulares;249.99;3.5;50;Vivo;12499.5;Baixo risco;Bom;Abaixo da média;80.82;Excelente;14;49
135;Vivo V9;The Vivo V9 is a smartphone known for its sleek design and emphasis on capturing high-quality selfies. It features a notch display, dual-camera setup, and a modern design.;Celulares;299.99;3.6;82;Vivo;24599.18;Baixo risco;Bom;Abaixo da média;88.8;Excelente;14;49
136;Vivo X21;The Vivo X21 is a premium smartphone with a focus on cutting-edge technology. It features an in-display fingerprint sensor, a high-resolution display, and advanced camera capabilities.;Celulares;499.99;4.26;7;Vivo;3499.93;Alto risco;Bom;Abaixo da média;73.59;Bom;14;49
137;American Football;The American Football is a classic ball used in American football games. It is designed for throwing and catching, making it an essential piece of equipment for the sport.;Acessórios esportivos;19.99;4.91;53;Sem marca;1059.47;Baixo risco;Excelente;Abaixo da média;88.8;Excelente;15;15
138;Baseball Ball;The Baseball Ball is a standard baseball used in baseball games. It features a durable leather cover and is designed for pitching, hitting, and fielding in the game of baseball.;Acessórios esportivos;8.99;2.57;100;Sem marca;899.0;Baixo risco;Ruim;Abaixo da média;88.88;Excelente;15;15
139;Baseball Glove;The Baseball Glove is a protective glove worn by baseball players. It is designed to catch and field the baseball, providing players with comfort and control during the game.;Acessórios esportivos;24.99;3.96;22;Sem marca;549.78;Médio risco;Bom;Abaixo da média;76.87;Excelente;15;15
140;Basketball;The Basketball is a standard ball used in basketball games. It is designed for dribbling, shooting, and passing in the game of basketball, suitable for both indoor and outdoor play.;Acessórios esportivos;14.99;4.66;75;Sem marca;1124.25;Baixo risco;Excelente;Abaixo da média;92.87;Excelente;15;15
141;Basketball Rim;The Basketball Rim is a sturdy hoop and net assembly mounted on a basketball backboard. It provides a target for shooting and scoring in the game of basketball.;Acessórios esportivos;39.99;4.6;43;Sem marca;1719.57;Baixo risco;Excelente;Abaixo da média;84.89;Excelente;15;15
142;Cricket Ball;The Cricket Ball is a hard leather ball used in the sport of cricket. It is bowled and batted in the game, and its hardness and seam contribute to the dynamics of cricket play.;Acessórios esportivos;12.99;3.53;30;Sem marca;389.7;Baixo risco;Bom;Abaixo da média;76.75;Excelente;15;15
143;Cricket Bat;The Cricket Bat is an essential piece of cricket equipment used by batsmen to hit the cricket ball. It is made of wood and comes in various sizes and designs.;Acessórios esportivos;29.99;3.17;98;Sem marca;2939.02;Baixo risco;Bom;Abaixo da média;91.21;Excelente;15;15
144;Cricket Helmet;The Cricket Helmet is a protective headgear worn by cricket players, especially batsmen and wicketkeepers. It provides protection against fast bowling and bouncers.;Acessórios esportivos;44.99;4.69;10;Sem marca;449.9;Médio risco;Excelente;Abaixo da média;77.44;Excelente;15;15
145;Cricket Wicket;The Cricket Wicket is a set of three stumps and two bails, forming a wicket used in the sport of cricket. Batsmen aim to protect the wicket while scoring runs.;Acessórios esportivos;29.99;4.73;25;Sem marca;749.75;Médio risco;Excelente;Abaixo da média;81.24;Excelente;15;15
146;Feather Shuttlecock;The Feather Shuttlecock is used in the sport of badminton. It features natural feathers and is designed for high-speed play, providing stability and accuracy during matches.;Acessórios esportivos;5.99;2.85;95;Sem marca;569.05;Baixo risco;Ruim;Abaixo da média;89.03;Excelente;15;15
147;Football;The Football, also known as a soccer ball, is the standard ball used in the sport of football (soccer). It is designed for kicking and passing in the game.;Acessórios esportivos;17.99;3.28;96;Sem marca;1727.04;Baixo risco;Bom;Abaixo da média;91.29;Excelente;15;15
148;Golf Ball;The Golf Ball is a small ball used in the sport of golf. It features dimples on its surface, providing aerodynamic lift and distance when struck by a golf club.;Acessórios esportivos;9.99;4.3;84;Sem marca;839.16;Baixo risco;Bom;Abaixo da média;93.31;Excelente;15;15
149;Iron Golf;The Iron Golf is a type of golf club designed for various golf shots. It features a solid metal head and is used for approach shots, chipping, and other golfing techniques.;Acessórios esportivos;49.99;4.41;90;Sem marca;4499.1;Baixo risco;Bom;Abaixo da média;95.17;Excelente;15;15
150;Metal Baseball Bat;The Metal Baseball Bat is a durable and lightweight baseball bat made from metal alloys. It is commonly used in baseball games for hitting and batting practice.;Acessórios esportivos;29.99;4.66;16;Sem marca;479.84;Médio risco;Excelente;Abaixo da média;78.76;Excelente;15;15
151;Tennis Ball;The Tennis Ball is a standard ball used in the sport of tennis. It is designed for bouncing and hitting with tennis rackets during matches or practice sessions.;Acessórios esportivos;6.99;4.06;28;Sem marca;195.72;Médio risco;Bom;Abaixo da média;78.82;Excelente;15;15
152;Tennis Racket;The Tennis Racket is an essential piece of equipment used in the sport of tennis. It features a frame with strings and a grip, allowing players to hit the tennis ball.;Acessórios esportivos;49.99;4.03;6;Sem marca;299.94;Alto risco;Bom;Abaixo da média;73.33;Bom;15;15
153;Volleyball;The Volleyball is a standard ball used in the sport of volleyball. It is designed for passing, setting, and spiking over the net during volleyball matches.;Acessórios esportivos;11.99;3.84;0;Sem marca;0.0;Alto risco;Bom;Abaixo da média;71.08;Bom;15;15
154;Black Sun Glasses;The Black Sun Glasses are a classic and stylish choice, featuring a sleek black frame and tinted lenses. They provide both UV protection and a fashionable look.;Óculos de sol;29.99;4.41;60;Fashion Shades;1799.4;Baixo risco;Bom;Abaixo da média;88.06;Excelente;16;50
155;Classic Sun Glasses;The Classic Sun Glasses offer a timeless design with a neutral frame and UV-protected lenses. These sunglasses are versatile and suitable for various occasions.;Óculos de sol;24.99;3.86;1;Fashion Shades;24.99;Alto risco;Bom;Abaixo da média;71.38;Bom;16;50
156;Green and Black Glasses;The Green and Black Glasses feature a bold combination of green and black colors, adding a touch of vibrancy to your eyewear collection. They are both stylish and eye-catching.;Óculos de sol;34.99;4.55;24;Fashion Shades;839.76;Médio risco;Excelente;Abaixo da média;80.14;Excelente;16;50
157;Party Glasses;The Party Glasses are designed to add flair to your party outfit. With unique shapes or colorful frames, they're perfect for adding a playful touch to your look during celebrations.;Óculos de sol;19.99;2.79;86;Fashion Fun;1719.14;Baixo risco;Ruim;Abaixo da média;86.56;Excelente;16;51
158;Sunglasses;The Sunglasses offer a classic and simple design with a focus on functionality. These sunglasses provide essential UV protection while maintaining a timeless look.;Óculos de sol;22.99;3.02;27;Fashion Shades;620.73;Médio risco;Bom;Abaixo da média;73.58;Bom;16;50
159;iPad Mini 2021 Starlight;The iPad Mini 2021 in Starlight is a compact and powerful tablet from Apple. Featuring a stunning Retina display, powerful A-series chip, and a sleek design, it offers a premium tablet experience.;Tablets;499.99;3.18;47;Apple;23499.53;Baixo risco;Bom;Abaixo da média;77.98;Excelente;17;16
160;Samsung Galaxy Tab S8 Plus Grey;The Samsung Galaxy Tab S8 Plus in Grey is a high-performance Android tablet by Samsung. With a large AMOLED display, powerful processor, and S Pen support, it's ideal for productivity and entertainment.;Tablets;599.99;4.68;62;Samsung;37199.38;Baixo risco;Excelente;Abaixo da média;88.47;Excelente;17;48
161;Samsung Galaxy Tab White;The Samsung Galaxy Tab in White is a sleek and versatile Android tablet. With a vibrant display, long-lasting battery, and a range of features, it offers a great user experience for various tasks.;Tablets;349.99;3.72;92;Samsung;32199.08;Baixo risco;Bom;Abaixo da média;91.64;Excelente;17;48
162;Blue Frock;The Blue Frock is a charming and stylish dress for various occasions. With a vibrant blue color and a comfortable design, it adds a touch of elegance to your wardrobe.;Tops;29.99;4.17;52;Sem marca;1559.48;Baixo risco;Bom;Abaixo da média;85.01;Excelente;18;15
163;Girl Summer Dress;The Girl Summer Dress is a cute and breezy dress designed for warm weather. With playful patterns and lightweight fabric, it's perfect for keeping cool and stylish during the summer.;Tops;19.99;4.77;43;Sem marca;859.57;Baixo risco;Excelente;Abaixo da média;85.75;Excelente;18;15
164;Gray Dress;The Gray Dress is a versatile and chic option for various occasions. With a neutral gray color, it can be dressed up or down, making it a wardrobe staple for any fashion-forward individual.;Tops;34.99;2.72;55;Sem marca;1924.45;Baixo risco;Ruim;Abaixo da média;78.8;Excelente;18;15
165;Short Frock;The Short Frock is a playful and trendy dress with a shorter length. Ideal for casual outings or special occasions, it combines style and comfort for a fashionable look.;Tops;24.99;3.23;22;Sem marca;549.78;Médio risco;Bom;Abaixo da média;73.39;Bom;18;15
166;Tartan Dress;The Tartan Dress features a classic tartan pattern, bringing a timeless and sophisticated touch to your wardrobe. Perfect for fall and winter, it adds a hint of traditional charm.;Tops;39.99;4.05;73;Sem marca;2919.27;Baixo risco;Bom;Abaixo da média;89.42;Excelente;18;15
167;300 Touring;The 300 Touring is a stylish and comfortable sedan, known for its luxurious features and smooth performance.;Veículos;28999.99;4.05;54;Chrysler;1565999.46;Baixo risco;Bom;Acima da média;15.83;Ruim;19;52
168;Charger SXT RWD;The Charger SXT RWD is a powerful and sporty rear-wheel-drive sedan, offering a blend of performance and practicality.;Veículos;32999.99;2.58;57;Dodge;1880999.43;Baixo risco;Ruim;Acima da média;0.0;Ruim;19;53
169;Dodge Hornet GT Plus;The Dodge Hornet GT Plus is a compact and agile hatchback, perfect for urban driving with a touch of sportiness.;Veículos;24999.99;2.65;82;Dodge;2049999.18;Baixo risco;Ruim;Acima da média;25.37;Ruim;19;53
170;Durango SXT RWD;The Durango SXT RWD is a spacious and versatile SUV, known for its strong performance and family-friendly features.;Veículos;36999.99;4.07;95;Dodge;3514999.05;Baixo risco;Bom;Acima da média;6.63;Ruim;19;53
171;Pacifica Touring;The Pacifica Touring is a stylish and well-equipped minivan, offering comfort and convenience for family journeys.;Veículos;31999.99;3.62;53;Chrysler;1695999.47;Baixo risco;Bom;Acima da média;6.39;Ruim;19;52
172;Blue Women's Handbag;The Blue Women's Handbag is a stylish and spacious accessory for everyday use. With a vibrant blue color and multiple compartments, it combines fashion and functionality.;Bolsas Femininas;49.99;2.92;76;Fashionista;3799.24;Baixo risco;Ruim;Abaixo da média;84.73;Excelente;20;54
173;Heshe Women's Leather Bag;The Heshe Women's Leather Bag is a luxurious and high-quality leather bag for the sophisticated woman. With a timeless design and durable craftsmanship, it's a versatile accessory.;Bolsas Femininas;129.99;4.92;99;Heshe;12869.01;Baixo risco;Excelente;Abaixo da média;99.56;Excelente;20;55
174;Prada Women Bag;The Prada Women Bag is an iconic designer bag that exudes elegance and luxury. Crafted with precision and featuring the Prada logo, it's a statement piece for fashion enthusiasts.;Bolsas Femininas;599.99;2.71;75;Prada;44999.25;Baixo risco;Ruim;Abaixo da média;82.17;Excelente;20;56
175;White Faux Leather Backpack;The White Faux Leather Backpack is a trendy and practical backpack for the modern woman. With a sleek white design and ample storage space, it's perfect for both casual and on-the-go styles.;Bolsas Femininas;39.99;3.36;39;Urban Chic;1559.61;Baixo risco;Bom;Abaixo da média;78.03;Excelente;20;25
176;Women Handbag Black;The Women Handbag in Black is a classic and versatile accessory that complements various outfits. With a timeless black color and functional design, it's a must-have in every woman's wardrobe.;Bolsas Femininas;59.99;2.89;11;Elegance Collection;659.89;Médio risco;Ruim;Abaixo da média;69.06;Bom;20;57
177;Black Women's Gown;The Black Women's Gown is an elegant and timeless evening gown. With a sleek black design, it's perfect for formal events and special occasions, exuding sophistication and style.;Vestidos Femininos;129.99;3.64;25;Sem marca;3249.75;Médio risco;Bom;Abaixo da média;75.81;Excelente;21;15
178;Corset Leather With Skirt;The Corset Leather With Skirt is a bold and edgy ensemble that combines a stylish corset with a matching skirt. Ideal for fashion-forward individuals, it makes a statement at any event.;Vestidos Femininos;89.99;3.05;30;Sem marca;2699.7;Baixo risco;Bom;Abaixo da média;74.28;Bom;21;15
179;Corset With Black Skirt;The Corset With Black Skirt is a chic and versatile outfit that pairs a fashionable corset with a classic black skirt. It offers a trendy and coordinated look for various occasions.;Vestidos Femininos;79.99;4.52;33;Sem marca;2639.67;Baixo risco;Excelente;Abaixo da média;82.03;Excelente;21;15
180;Dress Pea;The Dress Pea is a stylish and comfortable dress with a pea pattern. Perfect for casual outings, it adds a playful and fun element to your wardrobe, making it a great choice for day-to-day wear.;Vestidos Femininos;49.99;4.88;6;Sem marca;299.94;Alto risco;Excelente;Abaixo da média;77.38;Excelente;21;15
181;Marni Red & Black Suit;The Marni Red & Black Suit is a sophisticated and fashion-forward suit ensemble. With a combination of red and black tones, it showcases a modern design for a bold and confident look.;Vestidos Femininos;179.99;4.48;62;Sem marca;11159.38;Baixo risco;Bom;Abaixo da média;88.52;Excelente;21;15
182;Green Crystal Earring;The Green Crystal Earring is a dazzling accessory that features a vibrant green crystal. With a classic design, it adds a touch of elegance to your ensemble, perfect for formal or special occasions.;Jóias;29.99;3.96;54;Sem marca;1619.46;Baixo risco;Bom;Abaixo da média;84.49;Excelente;22;15
183;Green Oval Earring;The Green Oval Earring is a stylish and versatile accessory with a unique oval shape. Whether for casual or dressy occasions, its green hue and contemporary design make it a standout piece.;Jóias;24.99;3.57;73;Sem marca;1824.27;Baixo risco;Bom;Abaixo da média;87.17;Excelente;22;15
184;Tropical Earring;The Tropical Earring is a fun and playful accessory inspired by tropical elements. Featuring vibrant colors and a lively design, it's perfect for adding a touch of summer to your look.;Jóias;19.99;4.4;1;Sem marca;19.99;Alto risco;Bom;Abaixo da média;73.97;Bom;22;15
185;Black & Brown Slipper;The Black & Brown Slipper is a comfortable and stylish choice for casual wear. Featuring a blend of black and brown colors, it adds a touch of sophistication to your relaxation.;Tênis feminino;19.99;2.53;3;Comfort Trends;59.97;Alto risco;Ruim;Abaixo da média;65.53;Bom;23;58
186;Calvin Klein Heel Shoes;Calvin Klein Heel Shoes are elegant and sophisticated, designed for formal occasions. With a classic design and high-quality materials, they complement your stylish ensemble.;Tênis feminino;79.99;4.92;93;Calvin Klein;7439.07;Baixo risco;Excelente;Abaixo da média;98.25;Excelente;23;6
187;Golden Shoes Woman;The Golden Shoes for Women are a glamorous choice for special occasions. Featuring a golden hue and stylish design, they add a touch of luxury to your outfit.;Tênis feminino;49.99;3.26;88;Fashion Diva;4399.12;Baixo risco;Bom;Abaixo da média;89.21;Excelente;23;59
188;Pampi Shoes;Pampi Shoes offer a blend of comfort and style for everyday use. With a versatile design, they are suitable for various casual occasions, providing a trendy and relaxed look.;Tênis feminino;29.99;3.05;49;Pampi;1469.51;Baixo risco;Bom;Abaixo da média;78.96;Excelente;23;60
189;Red Shoes;The Red Shoes make a bold statement with their vibrant red color. Whether for a party or a casual outing, these shoes add a pop of color and style to your wardrobe.;Tênis feminino;34.99;3.25;7;Fashion Express;244.93;Alto risco;Bom;Abaixo da média;69.88;Bom;23;61
190;IWC Ingenieur Automatic Steel;The IWC Ingenieur Automatic Steel watch is a durable and sophisticated timepiece. With a stainless steel case and automatic movement, it combines precision and style for watch enthusiasts.;Relógios femininos;4999.99;2.93;90;IWC;449999.1;Baixo risco;Ruim;Acima da média;76.31;Excelente;24;62
191;Rolex Cellini Moonphase;The Rolex Cellini Moonphase watch is a masterpiece of horology. Featuring a moon phase complication, it showcases the craftsmanship and elegance that Rolex is renowned for.;Relógios femininos;15999.99;3.83;52;Rolex;831999.48;Baixo risco;Bom;Acima da média;45.31;Bom;24;31
192;Rolex Datejust Women;The Rolex Datejust Women's watch is an iconic timepiece designed for women. With a timeless design and a date complication, it offers both elegance and functionality.;Relógios femininos;10999.99;2.86;4;Rolex;43999.96;Alto risco;Ruim;Acima da média;41.16;Bom;24;31
193;Watch Gold for Women;The Gold Women's Watch is a stunning accessory that combines luxury and style. Featuring a gold-plated case and a chic design, it adds a touch of glamour to any outfit.;Relógios femininos;799.99;4.24;0;Fashion Gold;0.0;Alto risco;Bom;Abaixo da média;71.11;Bom;24;63
194;Women's Wrist Watch;The Women's Wrist Watch is a versatile and fashionable timepiece for everyday wear. With a comfortable strap and a simple yet elegant design, it complements various styles.;Relógios femininos;129.99;3.52;12;Fashion Co.;1559.88;Médio risco;Bom;Abaixo da média;72.14;Bom;24;64
